t_end,x_p_0,x_c_0
16.0,"[-6000.0, 3.6739403974420595e-13, 0.0, -0.9851107833377457, 248.74685927665496, 450.0]",[0]

